Overall Score,Score Breakdown
3.991746903707367,"{""Problem 1"": 5.207266058959075, ""Problem 2"": 3.2304550246995447, ""Problem 3"": 4.534372934458368, ""Problem 4"": 4.208624627880507, ""Problem 5"": 3.593301513004022, ""Problem 6"": 3.176461263242686}"
